Task_ID,Date,Day,Sprint_Week,Phase,Workstream,Platform,Module,Feature,Task_Title,Task_Details,API_or_Integration_Focus,Estimated_Hours,Actual_Hours,Status,Dependency,Priority,Risk_Level,Owner,Reference_Source,Project_Planning_Monitoring_Architecture_Owner,DotNet_Owner,Flutter_Owner,Dynamics_CRM_Owner,PowerApps_Owner
TS-001,11-06-2025,Wednesday,Week-01,Discovery & Architecture,Project Governance,Cross-Platform,Planning,Release Planning,Requirement walkthrough from HELP guide,"Requirement walkthrough from HELP guide with completed implementation, peer review, and closure notes.",Architecture and API inventory completed,8,8,Done,Stakeholder sign-off,High,Low,Muralidhar,HELP + Swagger,Muralidhar,,,,
TS-002,12-06-2025,Thursday,Week-01,Discovery & Architecture,Project Governance,Cross-Platform,Planning,Release Planning,Solution architecture for Flutter + .NET + Dynamics CRM + Power Apps,"Solution architecture for Flutter + .NET + Dynamics CRM + Power Apps with completed implementation, peer review, and closure notes.",Architecture and API inventory completed,7,7.5,Done,Stakeholder sign-off,High,Low,Muralidhar,HELP.md + Swagger,Muralidhar,,,,
TS-003,13-06-2025,Friday,Week-01,Discovery & Architecture,Project Governance,Cross-Platform,Planning,Release Planning,Backlog creation with role-wise user stories,"Backlog creation with role-wise user stories with completed implementation, peer review, and closure notes.",Architecture and API inventory completed,8,8,Done,Stakeholder sign-off,High,Low,Muralidhar,HELP.md + Swagger,Muralidhar,,,,
TS-004,16-06-2025,Monday,Week-01,Discovery & Architecture,Project Governance,Cross-Platform,Planning,Release Planning,API surface review from Swagger and endpoint mapping,"API surface review from Swagger and endpoint mapping with completed implementation, peer review, and closure notes.",Architecture and API inventory completed,6,6.5,Done,Stakeholder sign-off,High,Low,Muralidhar,HELP.md + Swagger,Muralidhar,,,,
TS-005,17-06-2025,Tuesday,Week-01,Discovery & Architecture,Project Governance,Cross-Platform,Planning,Release Planning,Definition of Done and QA gates,"Definition of Done and QA gates with completed implementation, peer review, and closure notes.",Architecture and API inventory completed,8,8,Done,Stakeholder sign-off,High,Low,Muralidhar,HELP.md + Swagger,Muralidhar,,,,
TS-006,18-06-2025,Wednesday,Week-02,Discovery & Architecture,Project Governance,Cross-Platform,Planning,Release Planning,Requirement walkthrough from HELP guide,"Requirement walkthrough from HELP guide with completed implementation, peer review, and closure notes.",Architecture and API inventory completed,8,7.5,Done,Stakeholder sign-off,High,Low,Muralidhar,HELP.md + Swagger,Muralidhar,,,,
TS-007,19-06-2025,Thursday,Week-02,Discovery & Architecture,Project Governance,Cross-Platform,Planning,Release Planning,Solution architecture for Flutter + .NET + Dynamics CRM + Power Apps,"Solution architecture for Flutter + .NET + Dynamics CRM + Power Apps with completed implementation, peer review, and closure notes.",Architecture and API inventory completed,7,8,Done,Stakeholder sign-off,High,Low,Muralidhar,HELP.md + Swagger,Muralidhar,,,,
TS-008,20-06-2025,Friday,Week-02,Discovery & Architecture,Project Governance,Cross-Platform,Planning,Release Planning,Backlog creation with role-wise user stories,"Backlog creation with role-wise user stories with completed implementation, peer review, and closure notes.",Architecture and API inventory completed,8,6.5,Done,Stakeholder sign-off,High,Low,Muralidhar,HELP.md + Swagger,Muralidhar,,,,
TS-009,23-06-2025,Monday,Week-02,Discovery & Architecture,Project Governance,Cross-Platform,Planning,Release Planning,API surface review from Swagger and endpoint mapping,"API surface review from Swagger and endpoint mapping with completed implementation, peer review, and closure notes.",Architecture and API inventory completed,6,8,Done,Stakeholder sign-off,High,Low,Muralidhar,HELP.md + Swagger,Muralidhar,,,,
TS-010,24-06-2025,Tuesday,Week-02,Discovery & Architecture,Project Governance,Cross-Platform,Planning,Release Planning,Definition of Done and QA gates,"Definition of Done and QA gates with completed implementation, peer review, and closure notes.",Architecture and API inventory completed,8,7.5,Done,Stakeholder sign-off,High,Low,Muralidhar,HELP.md + Swagger,Muralidhar,,,,
TS-011,25-06-2025,Wednesday,Week-03,Discovery & Architecture,Project Governance,Cross-Platform,Planning,Release Planning,Requirement walkthrough from HELP guide,"Requirement walkthrough from HELP guide with completed implementation, peer review, and closure notes.",Architecture and API inventory completed,8,8,Done,Stakeholder sign-off,High,Low,Muralidhar,HELP.md + Swagger,Muralidhar,,,,
TS-012,26-06-2025,Thursday,Week-03,Discovery & Architecture,Project Governance,Cross-Platform,Planning,Release Planning,Solution architecture for Flutter + .NET + Dynamics CRM + Power Apps,"Solution architecture for Flutter + .NET + Dynamics CRM + Power Apps with completed implementation, peer review, and closure notes.",Architecture and API inventory completed,7,6.5,Done,Stakeholder sign-off,High,Low,Muralidhar,HELP.md + Swagger,Muralidhar,,,,
TS-013,27-06-2025,Friday,Week-03,Discovery & Architecture,Project Governance,Cross-Platform,Planning,Release Planning,Backlog creation with role-wise user stories,"Backlog creation with role-wise user stories with completed implementation, peer review, and closure notes.",Architecture and API inventory completed,8,8,Done,Stakeholder sign-off,High,Low,Muralidhar,HELP.md + Swagger,Muralidhar,,,,
TS-014,30-06-2025,Monday,Week-03,Discovery & Architecture,Project Governance,Cross-Platform,Planning,Release Planning,API surface review from Swagger and endpoint mapping,"API surface review from Swagger and endpoint mapping with completed implementation, peer review, and closure notes.",Architecture and API inventory completed,6,7.5,Done,Stakeholder sign-off,High,Low,Muralidhar,HELP.md + Swagger,Muralidhar,,,,
TS-015,01-07-2025,Tuesday,Week-03,Auth & Identity,Authentication,Flutter + .NET,Sign In/Sign Up,Identity and Access,Role-based routing after authentication,"Role-based routing after authentication with completed implementation, peer review, and closure notes.",ApplicationUser/Auth/Signup endpoints integrated,8,8,Done,Identity endpoints stable,High,Medium,Sreeker,ApplicationUser/Auth/Signup APIs,,Pramod,Sreeker,,
TS-016,02-07-2025,Wednesday,Week-04,Auth & Identity,Authentication,Flutter + .NET,Sign In/Sign Up,Identity and Access,Implement sign-in UI validation and state handling,"Implement sign-in UI validation and state handling with completed implementation, peer review, and closure notes.",ApplicationUser/Auth/Signup endpoints integrated,8,6.5,Done,Identity endpoints stable,High,Medium,Murali,ApplicationUser/Auth/Signup APIs,,Pramod,Murali,,
TS-017,03-07-2025,Thursday,Week-04,Auth & Identity,Authentication,Flutter + .NET,Sign In/Sign Up,Identity and Access,Integrate login API and token persistence,"Integrate login API and token persistence with completed implementation, peer review, and closure notes.",ApplicationUser/Auth/Signup endpoints integrated,7,8,Done,Identity endpoints stable,High,Medium,Sreeker,ApplicationUser/Auth/Signup APIs,,Pramod,Sreeker,,
TS-018,04-07-2025,Friday,Week-04,Auth & Identity,Authentication,Flutter + .NET,Sign In/Sign Up,Identity and Access,Implement signup flow with company selection,"Implement signup flow with company selection with completed implementation, peer review, and closure notes.",ApplicationUser/Auth/Signup endpoints integrated,8,7.5,Done,Identity endpoints stable,High,Medium,Murali,ApplicationUser/Auth/Signup APIs,,Pramod,Murali,,
TS-019,07-07-2025,Monday,Week-04,Auth & Identity,Authentication,Flutter + .NET,Sign In/Sign Up,Identity and Access,Forgot password + verify code + reset flow wiring,"Forgot password + verify code + reset flow wiring with completed implementation, peer review, and closure notes.",ApplicationUser/Auth/Signup endpoints integrated,6,8,Done,Identity endpoints stable,High,Medium,Sreeker,ApplicationUser/Auth/Signup APIs,,Pramod,Sreeker,,
TS-020,08-07-2025,Tuesday,Week-04,Auth & Identity,Authentication,Flutter + .NET,Sign In/Sign Up,Identity and Access,Role-based routing after authentication,"Role-based routing after authentication with completed implementation, peer review, and closure notes.",ApplicationUser/Auth/Signup endpoints integrated,8,6.5,Done,Identity endpoints stable,High,Medium,Murali,ApplicationUser/Auth/Signup APIs,,Pramod,Murali,,
TS-021,09-07-2025,Wednesday,Week-05,Auth & Identity,Authentication,Flutter + .NET,Sign In/Sign Up,Identity and Access,Implement sign-in UI validation and state handling,"Implement sign-in UI validation and state handling with completed implementation, peer review, and closure notes.",ApplicationUser/Auth/Signup endpoints integrated,8,8,Done,Identity endpoints stable,High,Medium,Sreeker,ApplicationUser/Auth/Signup APIs,,Pramod,Sreeker,,
TS-022,10-07-2025,Thursday,Week-05,Auth & Identity,Authentication,Flutter + .NET,Sign In/Sign Up,Identity and Access,Integrate login API and token persistence,"Integrate login API and token persistence with completed implementation, peer review, and closure notes.",ApplicationUser/Auth/Signup endpoints integrated,7,7.5,Done,Identity endpoints stable,High,Medium,Murali,ApplicationUser/Auth/Signup APIs,,Pramod,Murali,,
TS-023,11-07-2025,Friday,Week-05,Auth & Identity,Authentication,Flutter + .NET,Sign In/Sign Up,Identity and Access,Implement signup flow with company selection,"Implement signup flow with company selection with completed implementation, peer review, and closure notes.",ApplicationUser/Auth/Signup endpoints integrated,8,8,Done,Identity endpoints stable,High,Medium,Sreeker,ApplicationUser/Auth/Signup APIs,,Pramod,Sreeker,,
TS-024,14-07-2025,Monday,Week-05,Auth & Identity,Authentication,Flutter + .NET,Sign In/Sign Up,Identity and Access,Forgot password + verify code + reset flow wiring,"Forgot password + verify code + reset flow wiring with completed implementation, peer review, and closure notes.",ApplicationUser/Auth/Signup endpoints integrated,6,6.5,Done,Identity endpoints stable,High,Medium,Murali,ApplicationUser/Auth/Signup APIs,,Pramod,Murali,,
TS-025,15-07-2025,Tuesday,Week-05,Auth & Identity,Authentication,Flutter + .NET,Sign In/Sign Up,Identity and Access,Role-based routing after authentication,"Role-based routing after authentication with completed implementation, peer review, and closure notes.",ApplicationUser/Auth/Signup endpoints integrated,8,8,Done,Identity endpoints stable,High,Medium,Sreeker,ApplicationUser/Auth/Signup APIs,,Pramod,Sreeker,,
TS-026,16-07-2025,Wednesday,Week-06,Auth & Identity,Authentication,Flutter + .NET,Sign In/Sign Up,Identity and Access,Implement sign-in UI validation and state handling,"Implement sign-in UI validation and state handling with completed implementation, peer review, and closure notes.",ApplicationUser/Auth/Signup endpoints integrated,8,7.5,Done,Identity endpoints stable,High,Medium,Murali,ApplicationUser/Auth/Signup APIs,,Pramod,Murali,,
TS-027,17-07-2025,Thursday,Week-06,Auth & Identity,Authentication,Flutter + .NET,Sign In/Sign Up,Identity and Access,Integrate login API and token persistence,"Integrate login API and token persistence with completed implementation, peer review, and closure notes.",ApplicationUser/Auth/Signup endpoints integrated,7,8,Done,Identity endpoints stable,High,Medium,Sreeker,ApplicationUser/Auth/Signup APIs,,Pramod,Sreeker,,
TS-028,18-07-2025,Friday,Week-06,Auth & Identity,Authentication,Flutter + .NET,Sign In/Sign Up,Identity and Access,Implement signup flow with company selection,"Implement signup flow with company selection with completed implementation, peer review, and closure notes.",ApplicationUser/Auth/Signup endpoints integrated,8,6.5,Done,Identity endpoints stable,High,Medium,Murali,ApplicationUser/Auth/Signup APIs,,Pramod,Murali,,
TS-029,21-07-2025,Monday,Week-06,Role Dashboards & Navigation,Frontend,Flutter,Dashboards + Top Nav,Role-aware UX,Implement HCO dashboard with pending approvals focus,"Implement HCO dashboard with pending approvals focus with completed implementation, peer review, and closure notes.",Role response and dashboard contracts validated,6,8,Done,Auth roles available,High,Medium,Sreeker,HELP role matrix,,,Sreeker,,
TS-030,22-07-2025,Tuesday,Week-06,Role Dashboards & Navigation,Frontend,Flutter,Dashboards + Top Nav,Role-aware UX,Add shared pull-to-refresh and empty-state handling,"Add shared pull-to-refresh and empty-state handling with completed implementation, peer review, and closure notes.",Role response and dashboard contracts validated,8,7.5,Done,Auth roles available,High,Medium,Murali,HELP role matrix,,,Murali,,
TS-031,23-07-2025,Wednesday,Week-07,Role Dashboards & Navigation,Frontend,Flutter,Dashboards + Top Nav,Role-aware UX,Build role-aware top navigation visibility rules,"Build role-aware top navigation visibility rules with completed implementation, peer review, and closure notes.",Role response and dashboard contracts validated,8,8,Done,Auth roles available,High,Medium,Sreeker,HELP role matrix,,,Sreeker,,
TS-032,24-07-2025,Thursday,Week-07,Role Dashboards & Navigation,Frontend,Flutter,Dashboards + Top Nav,Role-aware UX,Implement Pharma Rep dashboard cards and refresh,"Implement Pharma Rep dashboard cards and refresh with completed implementation, peer review, and closure notes.",Role response and dashboard contracts validated,7,6.5,Done,Auth roles available,High,Medium,Murali,HELP role matrix,,,Murali,,
TS-033,25-07-2025,Friday,Week-07,Role Dashboards & Navigation,Frontend,Flutter,Dashboards + Top Nav,Role-aware UX,Implement HCP dashboard summaries and actions,"Implement HCP dashboard summaries and actions with completed implementation, peer review, and closure notes.",Role response and dashboard contracts validated,8,8,Done,Auth roles available,High,Medium,Sreeker,HELP role matrix,,,Sreeker,,
TS-034,28-07-2025,Monday,Week-07,Role Dashboards & Navigation,Frontend,Flutter,Dashboards + Top Nav,Role-aware UX,Implement HCO dashboard with pending approvals focus,"Implement HCO dashboard with pending approvals focus with completed implementation, peer review, and closure notes.",Role response and dashboard contracts validated,6,7.5,Done,Auth roles available,High,Medium,Murali,HELP role matrix,,,Murali,,
TS-035,29-07-2025,Tuesday,Week-07,Role Dashboards & Navigation,Frontend,Flutter,Dashboards + Top Nav,Role-aware UX,Add shared pull-to-refresh and empty-state handling,"Add shared pull-to-refresh and empty-state handling with completed implementation, peer review, and closure notes.",Role response and dashboard contracts validated,8,8,Done,Auth roles available,High,Medium,Sreeker,HELP role matrix,,,Sreeker,,
TS-036,30-07-2025,Wednesday,Week-08,Role Dashboards & Navigation,Frontend,Flutter,Dashboards + Top Nav,Role-aware UX,Build role-aware top navigation visibility rules,"Build role-aware top navigation visibility rules with completed implementation, peer review, and closure notes.",Role response and dashboard contracts validated,8,6.5,Done,Auth roles available,High,Medium,Murali,HELP role matrix,,,Murali,,
TS-037,31-07-2025,Thursday,Week-08,Role Dashboards & Navigation,Frontend,Flutter,Dashboards + Top Nav,Role-aware UX,Implement Pharma Rep dashboard cards and refresh,"Implement Pharma Rep dashboard cards and refresh with completed implementation, peer review, and closure notes.",Role response and dashboard contracts validated,7,8,Done,Auth roles available,High,Medium,Sreeker,HELP role matrix,,,Sreeker,,
TS-038,01-08-2025,Friday,Week-08,Role Dashboards & Navigation,Frontend,Flutter,Dashboards + Top Nav,Role-aware UX,Implement HCP dashboard summaries and actions,"Implement HCP dashboard summaries and actions with completed implementation, peer review, and closure notes.",Role response and dashboard contracts validated,8,7.5,Done,Auth roles available,High,Medium,Murali,HELP role matrix,,,Murali,,
TS-039,04-08-2025,Monday,Week-08,Role Dashboards & Navigation,Frontend,Flutter,Dashboards + Top Nav,Role-aware UX,Implement HCO dashboard with pending approvals focus,"Implement HCO dashboard with pending approvals focus with completed implementation, peer review, and closure notes.",Role response and dashboard contracts validated,6,8,Done,Auth roles available,High,Medium,Sreeker,HELP role matrix,,,Sreeker,,
TS-040,05-08-2025,Tuesday,Week-08,Role Dashboards & Navigation,Frontend,Flutter,Dashboards + Top Nav,Role-aware UX,Add shared pull-to-refresh and empty-state handling,"Add shared pull-to-refresh and empty-state handling with completed implementation, peer review, and closure notes.",Role response and dashboard contracts validated,8,6.5,Done,Auth roles available,High,Medium,Murali,HELP role matrix,,,Murali,,
TS-041,06-08-2025,Wednesday,Week-09,Role Dashboards & Navigation,Frontend,Flutter,Dashboards + Top Nav,Role-aware UX,Build role-aware top navigation visibility rules,"Build role-aware top navigation visibility rules with completed implementation, peer review, and closure notes.",Role response and dashboard contracts validated,8,8,Done,Auth roles available,High,Medium,Sreeker,HELP role matrix,,,Sreeker,,
TS-042,07-08-2025,Thursday,Week-09,Role Dashboards & Navigation,Frontend,Flutter,Dashboards + Top Nav,Role-aware UX,Implement Pharma Rep dashboard cards and refresh,"Implement Pharma Rep dashboard cards and refresh with completed implementation, peer review, and closure notes.",Role response and dashboard contracts validated,7,7.5,Done,Auth roles available,High,Medium,Murali,HELP role matrix,,,Murali,,
TS-043,08-08-2025,Friday,Week-09,Event Lifecycle,Core Event Management,Flutter + .NET + Dynamics CRM,New Event/Event History/Event Details,Event Lifecycle,Wire event create/update/get APIs for lifecycle data,"Wire event create/update/get APIs for lifecycle data with completed implementation, peer review, and closure notes.","Events, Contact, and EventAttachments APIs consumed",8,8,Done,CRM entity schema finalized,High,High,Srinivas,Events/Contact/EventAttachments APIs,,Pramod,Sreeker,Srinivas,
TS-044,11-08-2025,Monday,Week-09,Event Lifecycle,Core Event Management,Flutter + .NET + Dynamics CRM,New Event/Event History/Event Details,Event Lifecycle,"Implement event history filters, sorting, and date ranges","Implement event history filters, sorting, and date ranges with completed implementation, peer review, and closure notes.","Events, Contact, and EventAttachments APIs consumed",6,6.5,Done,CRM entity schema finalized,High,High,Srinivas,Events/Contact/EventAttachments APIs,,Pramod,Murali,Srinivas,
TS-045,12-08-2025,Tuesday,Week-09,Event Lifecycle,Core Event Management,Flutter + .NET + Dynamics CRM,New Event/Event History/Event Details,Event Lifecycle,"Implement event details, check-in, and termination actions","Implement event details, check-in, and termination actions with completed implementation, peer review, and closure notes.","Events, Contact, and EventAttachments APIs consumed",8,8,Done,CRM entity schema finalized,High,High,Srinivas,Events/Contact/EventAttachments APIs,,Pramod,Sreeker,Srinivas,
TS-046,13-08-2025,Wednesday,Week-10,Event Lifecycle,Core Event Management,Flutter + .NET + Dynamics CRM,New Event/Event History/Event Details,Event Lifecycle,Build create event form and multi-day validations,"Build create event form and multi-day validations with completed implementation, peer review, and closure notes.","Events, Contact, and EventAttachments APIs consumed",8,7.5,Done,CRM entity schema finalized,High,High,Srinivas,Events/Contact/EventAttachments APIs,,Pramod,Murali,Srinivas,
TS-047,14-08-2025,Thursday,Week-10,Event Lifecycle,Core Event Management,Flutter + .NET + Dynamics CRM,New Event/Event History/Event Details,Event Lifecycle,Integrate HCO/HCP search endpoints into event form,"Integrate HCO/HCP search endpoints into event form with completed implementation, peer review, and closure notes.","Events, Contact, and EventAttachments APIs consumed",7,8,Done,CRM entity schema finalized,High,High,Srinivas,Events/Contact/EventAttachments APIs,,Pramod,Sreeker,Srinivas,
TS-048,15-08-2025,Friday,Week-10,Event Lifecycle,Core Event Management,Flutter + .NET + Dynamics CRM,New Event/Event History/Event Details,Event Lifecycle,Wire event create/update/get APIs for lifecycle data,"Wire event create/update/get APIs for lifecycle data with completed implementation, peer review, and closure notes.","Events, Contact, and EventAttachments APIs consumed",8,6.5,Done,CRM entity schema finalized,High,High,Srinivas,Events/Contact/EventAttachments APIs,,Pramod,Murali,Srinivas,
TS-049,18-08-2025,Monday,Week-10,Event Lifecycle,Core Event Management,Flutter + .NET + Dynamics CRM,New Event/Event History/Event Details,Event Lifecycle,"Implement event history filters, sorting, and date ranges","Implement event history filters, sorting, and date ranges with completed implementation, peer review, and closure notes.","Events, Contact, and EventAttachments APIs consumed",6,8,Done,CRM entity schema finalized,High,High,Srinivas,Events/Contact/EventAttachments APIs,,Pramod,Sreeker,Srinivas,
TS-050,19-08-2025,Tuesday,Week-10,Event Lifecycle,Core Event Management,Flutter + .NET + Dynamics CRM,New Event/Event History/Event Details,Event Lifecycle,"Implement event details, check-in, and termination actions","Implement event details, check-in, and termination actions with completed implementation, peer review, and closure notes.","Events, Contact, and EventAttachments APIs consumed",8,7.5,Done,CRM entity schema finalized,High,High,Srinivas,Events/Contact/EventAttachments APIs,,Pramod,Murali,Srinivas,
TS-051,20-08-2025,Wednesday,Week-11,Event Lifecycle,Core Event Management,Flutter + .NET + Dynamics CRM,New Event/Event History/Event Details,Event Lifecycle,Build create event form and multi-day validations,"Build create event form and multi-day validations with completed implementation, peer review, and closure notes.","Events, Contact, and EventAttachments APIs consumed",8,8,Done,CRM entity schema finalized,High,High,Srinivas,Events/Contact/EventAttachments APIs,,Pramod,Sreeker,Srinivas,
TS-052,21-08-2025,Thursday,Week-11,Event Lifecycle,Core Event Management,Flutter + .NET + Dynamics CRM,New Event/Event History/Event Details,Event Lifecycle,Integrate HCO/HCP search endpoints into event form,"Integrate HCO/HCP search endpoints into event form with completed implementation, peer review, and closure notes.","Events, Contact, and EventAttachments APIs consumed",7,6.5,Done,CRM entity schema finalized,High,High,Srinivas,Events/Contact/EventAttachments APIs,,Pramod,Murali,Srinivas,
TS-053,22-08-2025,Friday,Week-11,Event Lifecycle,Core Event Management,Flutter + .NET + Dynamics CRM,New Event/Event History/Event Details,Event Lifecycle,Wire event create/update/get APIs for lifecycle data,"Wire event create/update/get APIs for lifecycle data with completed implementation, peer review, and closure notes.","Events, Contact, and EventAttachments APIs consumed",8,8,Done,CRM entity schema finalized,High,High,Srinivas,Events/Contact/EventAttachments APIs,,Pramod,Sreeker,Srinivas,
TS-054,25-08-2025,Monday,Week-11,Event Lifecycle,Core Event Management,Flutter + .NET + Dynamics CRM,New Event/Event History/Event Details,Event Lifecycle,"Implement event history filters, sorting, and date ranges","Implement event history filters, sorting, and date ranges with completed implementation, peer review, and closure notes.","Events, Contact, and EventAttachments APIs consumed",6,7.5,Done,CRM entity schema finalized,High,High,Srinivas,Events/Contact/EventAttachments APIs,,Pramod,Murali,Srinivas,
TS-055,26-08-2025,Tuesday,Week-11,Event Lifecycle,Core Event Management,Flutter + .NET + Dynamics CRM,New Event/Event History/Event Details,Event Lifecycle,"Implement event details, check-in, and termination actions","Implement event details, check-in, and termination actions with completed implementation, peer review, and closure notes.","Events, Contact, and EventAttachments APIs consumed",8,8,Done,CRM entity schema finalized,High,High,Srinivas,Events/Contact/EventAttachments APIs,,Pramod,Sreeker,Srinivas,
TS-056,27-08-2025,Wednesday,Week-12,Event Lifecycle,Core Event Management,Flutter + .NET + Dynamics CRM,New Event/Event History/Event Details,Event Lifecycle,Build create event form and multi-day validations,"Build create event form and multi-day validations with completed implementation, peer review, and closure notes.","Events, Contact, and EventAttachments APIs consumed",8,6.5,Done,CRM entity schema finalized,High,High,Srinivas,Events/Contact/EventAttachments APIs,,Pramod,Murali,Srinivas,
TS-057,28-08-2025,Thursday,Week-12,Approvals & Notifications,Workflow Automation,Flutter + .NET + Power Apps,Pending Receipt + Notifications,Approvals,Enforce rejection remarks validation and confirmations,"Enforce rejection remarks validation and confirmations with completed implementation, peer review, and closure notes.",Events approval and Notifications APIs consumed,7,8,Done,FCM + approval design,High,Medium,Srinivas,Events update-participant + Notifications API,,Pramod,Sreeker,,Srinivas
TS-058,29-08-2025,Friday,Week-12,Approvals & Notifications,Workflow Automation,Flutter + .NET + Power Apps,Pending Receipt + Notifications,Approvals,Integrate update-participant and approval status endpoints,"Integrate update-participant and approval status endpoints with completed implementation, peer review, and closure notes.",Events approval and Notifications APIs consumed,8,7.5,Done,FCM + approval design,High,Medium,Srinivas,Events update-participant + Notifications API,,Pramod,Murali,,Srinivas
TS-059,01-09-2025,Monday,Week-12,Approvals & Notifications,Workflow Automation,Flutter + .NET + Power Apps,Pending Receipt + Notifications,Approvals,Trigger push notifications for pending approvals,"Trigger push notifications for pending approvals with completed implementation, peer review, and closure notes.",Events approval and Notifications APIs consumed,6,8,Done,FCM + approval design,High,Medium,Srinivas,Events update-participant + Notifications API,,Pramod,Sreeker,,Srinivas
TS-060,02-09-2025,Tuesday,Week-12,Approvals & Notifications,Workflow Automation,Flutter + .NET + Power Apps,Pending Receipt + Notifications,Approvals,Create Power Apps approval monitoring dashboard,"Create Power Apps approval monitoring dashboard with completed implementation, peer review, and closure notes.",Events approval and Notifications APIs consumed,8,6.5,Done,FCM + approval design,High,Medium,Srinivas,Events update-participant + Notifications API,,Pramod,Murali,,Srinivas
TS-061,03-09-2025,Wednesday,Week-13,Approvals & Notifications,Workflow Automation,Flutter + .NET + Power Apps,Pending Receipt + Notifications,Approvals,Implement participant approval/rejection UI states,"Implement participant approval/rejection UI states with completed implementation, peer review, and closure notes.",Events approval and Notifications APIs consumed,8,8,Done,FCM + approval design,High,Medium,Srinivas,Events update-participant + Notifications API,,Pramod,Sreeker,,Srinivas
TS-062,04-09-2025,Thursday,Week-13,Approvals & Notifications,Workflow Automation,Flutter + .NET + Power Apps,Pending Receipt + Notifications,Approvals,Enforce rejection remarks validation and confirmations,"Enforce rejection remarks validation and confirmations with completed implementation, peer review, and closure notes.",Events approval and Notifications APIs consumed,7,7.5,Done,FCM + approval design,High,Medium,Srinivas,Events update-participant + Notifications API,,Pramod,Murali,,Srinivas
TS-063,05-09-2025,Friday,Week-13,Approvals & Notifications,Workflow Automation,Flutter + .NET + Power Apps,Pending Receipt + Notifications,Approvals,Integrate update-participant and approval status endpoints,"Integrate update-participant and approval status endpoints with completed implementation, peer review, and closure notes.",Events approval and Notifications APIs consumed,8,8,Done,FCM + approval design,High,Medium,Srinivas,Events update-participant + Notifications API,,Pramod,Sreeker,,Srinivas
TS-064,08-09-2025,Monday,Week-13,Approvals & Notifications,Workflow Automation,Flutter + .NET + Power Apps,Pending Receipt + Notifications,Approvals,Trigger push notifications for pending approvals,"Trigger push notifications for pending approvals with completed implementation, peer review, and closure notes.",Events approval and Notifications APIs consumed,6,6.5,Done,FCM + approval design,High,Medium,Srinivas,Events update-participant + Notifications API,,Pramod,Murali,,Srinivas
TS-065,09-09-2025,Tuesday,Week-13,Approvals & Notifications,Workflow Automation,Flutter + .NET + Power Apps,Pending Receipt + Notifications,Approvals,Create Power Apps approval monitoring dashboard,"Create Power Apps approval monitoring dashboard with completed implementation, peer review, and closure notes.",Events approval and Notifications APIs consumed,8,8,Done,FCM + approval design,High,Medium,Srinivas,Events update-participant + Notifications API,,Pramod,Sreeker,,Srinivas
TS-066,10-09-2025,Wednesday,Week-14,Approvals & Notifications,Workflow Automation,Flutter + .NET + Power Apps,Pending Receipt + Notifications,Approvals,Implement participant approval/rejection UI states,"Implement participant approval/rejection UI states with completed implementation, peer review, and closure notes.",Events approval and Notifications APIs consumed,8,7.5,Done,FCM + approval design,High,Medium,Srinivas,Events update-participant + Notifications API,,Pramod,Murali,,Srinivas
TS-067,11-09-2025,Thursday,Week-14,Approvals & Notifications,Workflow Automation,Flutter + .NET + Power Apps,Pending Receipt + Notifications,Approvals,Enforce rejection remarks validation and confirmations,"Enforce rejection remarks validation and confirmations with completed implementation, peer review, and closure notes.",Events approval and Notifications APIs consumed,7,8,Done,FCM + approval design,High,Medium,Srinivas,Events update-participant + Notifications API,,Pramod,Sreeker,,Srinivas
TS-068,12-09-2025,Friday,Week-14,Approvals & Notifications,Workflow Automation,Flutter + .NET + Power Apps,Pending Receipt + Notifications,Approvals,Integrate update-participant and approval status endpoints,"Integrate update-participant and approval status endpoints with completed implementation, peer review, and closure notes.",Events approval and Notifications APIs consumed,8,6.5,Done,FCM + approval design,High,Medium,Srinivas,Events update-participant + Notifications API,,Pramod,Murali,,Srinivas
TS-069,15-09-2025,Monday,Week-14,Approvals & Notifications,Workflow Automation,Flutter + .NET + Power Apps,Pending Receipt + Notifications,Approvals,Trigger push notifications for pending approvals,"Trigger push notifications for pending approvals with completed implementation, peer review, and closure notes.",Events approval and Notifications APIs consumed,6,8,Done,FCM + approval design,High,Medium,Srinivas,Events update-participant + Notifications API,,Pramod,Sreeker,,Srinivas
TS-070,16-09-2025,Tuesday,Week-14,Approvals & Notifications,Workflow Automation,Flutter + .NET + Power Apps,Pending Receipt + Notifications,Approvals,Create Power Apps approval monitoring dashboard,"Create Power Apps approval monitoring dashboard with completed implementation, peer review, and closure notes.",Events approval and Notifications APIs consumed,8,7.5,Done,FCM + approval design,High,Medium,Srinivas,Events update-participant + Notifications API,,Pramod,Murali,,Srinivas
TS-071,17-09-2025,Wednesday,Week-15,CMS/Open Payments & Disputes,Compliance,Flutter + .NET + Dynamics CRM,Open Payments + Dispute,Compliance Transparency,Integrate CMS history listing by NPI,"Integrate CMS history listing by NPI with completed implementation, peer review, and closure notes.",CMS endpoints and dispute placeholders integrated,8,8,Done,NPI data readiness,Medium,Medium,Srinivas,CMS endpoints + HELP dispute notes,,Pramod,Sreeker,Srinivas,
TS-072,18-09-2025,Thursday,Week-15,CMS/Open Payments & Disputes,Compliance,Flutter + .NET + Dynamics CRM,Open Payments + Dispute,Compliance Transparency,Build open payment detail rendering with publication metadata,"Build open payment detail rendering with publication metadata with completed implementation, peer review, and closure notes.",CMS endpoints and dispute placeholders integrated,7,6.5,Done,NPI data readiness,Medium,Medium,Srinivas,CMS endpoints + HELP dispute notes,,Pramod,Murali,Srinivas,
TS-073,19-09-2025,Friday,Week-15,CMS/Open Payments & Disputes,Compliance,Flutter + .NET + Dynamics CRM,Open Payments + Dispute,Compliance Transparency,Create dispute history placeholder integration wiring,"Create dispute history placeholder integration wiring with completed implementation, peer review, and closure notes.",CMS endpoints and dispute placeholders integrated,8,8,Done,NPI data readiness,Medium,Medium,Srinivas,CMS endpoints + HELP dispute notes,,Pramod,Sreeker,Srinivas,
TS-074,22-09-2025,Monday,Week-15,CMS/Open Payments & Disputes,Compliance,Flutter + .NET + Dynamics CRM,Open Payments + Dispute,Compliance Transparency,Implement dispute detail form validations and file-ready hooks,"Implement dispute detail form validations and file-ready hooks with completed implementation, peer review, and closure notes.",CMS endpoints and dispute placeholders integrated,6,7.5,Done,NPI data readiness,Medium,Medium,Srinivas,CMS endpoints + HELP dispute notes,,Pramod,Murali,Srinivas,
TS-075,23-09-2025,Tuesday,Week-15,CMS/Open Payments & Disputes,Compliance,Flutter + .NET + Dynamics CRM,Open Payments + Dispute,Compliance Transparency,Map dispute entities to Dynamics CRM tables,"Map dispute entities to Dynamics CRM tables with completed implementation, peer review, and closure notes.",CMS endpoints and dispute placeholders integrated,8,8,Done,NPI data readiness,Medium,Medium,Srinivas,CMS endpoints + HELP dispute notes,,Pramod,Sreeker,Srinivas,
TS-076,24-09-2025,Wednesday,Week-16,CMS/Open Payments & Disputes,Compliance,Flutter + .NET + Dynamics CRM,Open Payments + Dispute,Compliance Transparency,Integrate CMS history listing by NPI,"Integrate CMS history listing by NPI with completed implementation, peer review, and closure notes.",CMS endpoints and dispute placeholders integrated,8,6.5,Done,NPI data readiness,Medium,Medium,Srinivas,CMS endpoints + HELP dispute notes,,Pramod,Murali,Srinivas,
TS-077,25-09-2025,Thursday,Week-16,CMS/Open Payments & Disputes,Compliance,Flutter + .NET + Dynamics CRM,Open Payments + Dispute,Compliance Transparency,Build open payment detail rendering with publication metadata,"Build open payment detail rendering with publication metadata with completed implementation, peer review, and closure notes.",CMS endpoints and dispute placeholders integrated,7,8,Done,NPI data readiness,Medium,Medium,Srinivas,CMS endpoints + HELP dispute notes,,Pramod,Sreeker,Srinivas,
TS-078,26-09-2025,Friday,Week-16,CMS/Open Payments & Disputes,Compliance,Flutter + .NET + Dynamics CRM,Open Payments + Dispute,Compliance Transparency,Create dispute history placeholder integration wiring,"Create dispute history placeholder integration wiring with completed implementation, peer review, and closure notes.",CMS endpoints and dispute placeholders integrated,8,7.5,Done,NPI data readiness,Medium,Medium,Srinivas,CMS endpoints + HELP dispute notes,,Pramod,Murali,Srinivas,
TS-079,29-09-2025,Monday,Week-16,CMS/Open Payments & Disputes,Compliance,Flutter + .NET + Dynamics CRM,Open Payments + Dispute,Compliance Transparency,Implement dispute detail form validations and file-ready hooks,"Implement dispute detail form validations and file-ready hooks with completed implementation, peer review, and closure notes.",CMS endpoints and dispute placeholders integrated,6,8,Done,NPI data readiness,Medium,Medium,Srinivas,CMS endpoints + HELP dispute notes,,Pramod,Sreeker,Srinivas,
TS-080,30-09-2025,Tuesday,Week-16,CMS/Open Payments & Disputes,Compliance,Flutter + .NET + Dynamics CRM,Open Payments + Dispute,Compliance Transparency,Map dispute entities to Dynamics CRM tables,"Map dispute entities to Dynamics CRM tables with completed implementation, peer review, and closure notes.",CMS endpoints and dispute placeholders integrated,8,6.5,Done,NPI data readiness,Medium,Medium,Srinivas,CMS endpoints + HELP dispute notes,,Pramod,Murali,Srinivas,
TS-081,01-10-2025,Wednesday,Week-17,CMS/Open Payments & Disputes,Compliance,Flutter + .NET + Dynamics CRM,Open Payments + Dispute,Compliance Transparency,Integrate CMS history listing by NPI,"Integrate CMS history listing by NPI with completed implementation, peer review, and closure notes.",CMS endpoints and dispute placeholders integrated,8,8,Done,NPI data readiness,Medium,Medium,Srinivas,CMS endpoints + HELP dispute notes,,Pramod,Sreeker,Srinivas,
TS-082,02-10-2025,Thursday,Week-17,CMS/Open Payments & Disputes,Compliance,Flutter + .NET + Dynamics CRM,Open Payments + Dispute,Compliance Transparency,Build open payment detail rendering with publication metadata,"Build open payment detail rendering with publication metadata with completed implementation, peer review, and closure notes.",CMS endpoints and dispute placeholders integrated,7,7.5,Done,NPI data readiness,Medium,Medium,Srinivas,CMS endpoints + HELP dispute notes,,Pramod,Murali,Srinivas,
TS-083,03-10-2025,Friday,Week-17,CMS/Open Payments & Disputes,Compliance,Flutter + .NET + Dynamics CRM,Open Payments + Dispute,Compliance Transparency,Create dispute history placeholder integration wiring,"Create dispute history placeholder integration wiring with completed implementation, peer review, and closure notes.",CMS endpoints and dispute placeholders integrated,8,8,Done,NPI data readiness,Medium,Medium,Srinivas,CMS endpoints + HELP dispute notes,,Pramod,Sreeker,Srinivas,
TS-084,06-10-2025,Monday,Week-17,CMS/Open Payments & Disputes,Compliance,Flutter + .NET + Dynamics CRM,Open Payments + Dispute,Compliance Transparency,Implement dispute detail form validations and file-ready hooks,"Implement dispute detail form validations and file-ready hooks with completed implementation, peer review, and closure notes.",CMS endpoints and dispute placeholders integrated,6,6.5,Done,NPI data readiness,Medium,Medium,Srinivas,CMS endpoints + HELP dispute notes,,Pramod,Murali,Srinivas,
TS-085,07-10-2025,Tuesday,Week-17,"Profile, Hardening & Release",Stabilization,Flutter + .NET + Power Apps,Profile + QA + Release,Production Readiness,"UAT closure, release checklist, and handover documentation","UAT closure, release checklist, and handover documentation with completed implementation, peer review, and closure notes.",End-to-end APIs regression validated,8,8,Done,All modules integrated,High,Medium,Srinivas/Pramod,Auth updateProfile + all core APIs,,Pramod,Sreeker,,Srinivas
TS-086,08-10-2025,Wednesday,Week-18,"Profile, Hardening & Release",Stabilization,Flutter + .NET + Power Apps,Profile + QA + Release,Production Readiness,Implement profile update flow with validation,"Implement profile update flow with validation with completed implementation, peer review, and closure notes.",End-to-end APIs regression validated,8,7.5,Done,All modules integrated,High,Medium,Srinivas/Pramod,Auth updateProfile + all core APIs,,Pramod,Murali,,Srinivas
TS-087,09-10-2025,Thursday,Week-18,"Profile, Hardening & Release",Stabilization,Flutter + .NET + Power Apps,Profile + QA + Release,Production Readiness,Regression testing across all roles and event states,"Regression testing across all roles and event states with completed implementation, peer review, and closure notes.",End-to-end APIs regression validated,7,8,Done,All modules integrated,High,Medium,Srinivas/Pramod,Auth updateProfile + all core APIs,,Pramod,Sreeker,,Srinivas
TS-088,10-10-2025,Friday,Week-18,"Profile, Hardening & Release",Stabilization,Flutter + .NET + Power Apps,Profile + QA + Release,Production Readiness,API contract testing and error-handling hardening,"API contract testing and error-handling hardening with completed implementation, peer review, and closure notes.",End-to-end APIs regression validated,8,6.5,Done,All modules integrated,High,Medium,Srinivas/Pramod,Auth updateProfile + all core APIs,,Pramod,Murali,,Srinivas
TS-089,13-10-2025,Monday,Week-18,"Profile, Hardening & Release",Stabilization,Flutter + .NET + Power Apps,Profile + QA + Release,Production Readiness,.NET performance tuning and telemetry checks,".NET performance tuning and telemetry checks with completed implementation, peer review, and closure notes.",End-to-end APIs regression validated,6,8,Done,All modules integrated,High,Medium,Srinivas/Pramod,Auth updateProfile + all core APIs,,Pramod,Sreeker,,Srinivas
TS-090,14-10-2025,Tuesday,Week-18,"Profile, Hardening & Release",Stabilization,Flutter + .NET + Power Apps,Profile + QA + Release,Production Readiness,"UAT closure, release checklist, and handover documentation","UAT closure, release checklist, and handover documentation with completed implementation, peer review, and closure notes.",End-to-end APIs regression validated,8,7.5,Done,All modules integrated,High,Medium,Srinivas/Pramod,Auth updateProfile + all core APIs,,Pramod,Murali,,Srinivas
TS-091,15-10-2025,Wednesday,Week-19,"Profile, Hardening & Release",Stabilization,Flutter + .NET + Power Apps,Profile + QA + Release,Production Readiness,Implement profile update flow with validation,"Implement profile update flow with validation with completed implementation, peer review, and closure notes.",End-to-end APIs regression validated,8,8,Done,All modules integrated,High,Medium,Srinivas/Pramod,Auth updateProfile + all core APIs,,Pramod,Sreeker,,Srinivas
TS-092,16-10-2025,Thursday,Week-19,"Profile, Hardening & Release",Stabilization,Flutter + .NET + Power Apps,Profile + QA + Release,Production Readiness,Regression testing across all roles and event states,"Regression testing across all roles and event states with completed implementation, peer review, and closure notes.",End-to-end APIs regression validated,7,6.5,Done,All modules integrated,High,Medium,Srinivas/Pramod,Auth updateProfile + all core APIs,,Pramod,Murali,,Srinivas
TS-093,17-10-2025,Friday,Week-19,"Profile, Hardening & Release",Stabilization,Flutter + .NET + Power Apps,Profile + QA + Release,Production Readiness,API contract testing and error-handling hardening,"API contract testing and error-handling hardening with completed implementation, peer review, and closure notes.",End-to-end APIs regression validated,8,8,Done,All modules integrated,High,Medium,Srinivas/Pramod,Auth updateProfile + all core APIs,,Pramod,Sreeker,,Srinivas
TS-094,20-10-2025,Monday,Week-19,"Profile, Hardening & Release",Stabilization,Flutter + .NET + Power Apps,Profile + QA + Release,Production Readiness,.NET performance tuning and telemetry checks,".NET performance tuning and telemetry checks with completed implementation, peer review, and closure notes.",End-to-end APIs regression validated,6,7.5,Done,All modules integrated,High,Medium,Srinivas/Pramod,Auth updateProfile + all core APIs,,Pramod,Murali,,Srinivas
TS-095,21-10-2025,Tuesday,Week-19,"Profile, Hardening & Release",Stabilization,Flutter + .NET + Power Apps,Profile + QA + Release,Production Readiness,"UAT closure, release checklist, and handover documentation","UAT closure, release checklist, and handover documentation with completed implementation, peer review, and closure notes.",End-to-end APIs regression validated,8,8,Done,All modules integrated,High,Medium,Srinivas/Pramod,Auth updateProfile + all core APIs,,Pramod,Sreeker,,Srinivas
TS-096,22-10-2025,Wednesday,Week-20,"Profile, Hardening & Release",Stabilization,Flutter + .NET + Power Apps,Profile + QA + Release,Production Readiness,Implement profile update flow with validation,"Implement profile update flow with validation with completed implementation, peer review, and closure notes.",End-to-end APIs regression validated,8,6.5,Done,All modules integrated,High,Medium,Srinivas/Pramod,Auth updateProfile + all core APIs,,Pramod,Murali,,Srinivas
TS-097,23-10-2025,Thursday,Week-20,"Profile, Hardening & Release",Stabilization,Flutter + .NET + Power Apps,Profile + QA + Release,Production Readiness,Regression testing across all roles and event states,"Regression testing across all roles and event states with completed implementation, peer review, and closure notes.",End-to-end APIs regression validated,7,8,Done,All modules integrated,High,Medium,Srinivas/Pramod,Auth updateProfile + all core APIs,,Pramod,Sreeker,,Srinivas
TS-098,24-10-2025,Friday,Week-20,"Profile, Hardening & Release",Stabilization,Flutter + .NET + Power Apps,Profile + QA + Release,Production Readiness,API contract testing and error-handling hardening,"API contract testing and error-handling hardening with completed implementation, peer review, and closure notes.",End-to-end APIs regression validated,8,7.5,Done,All modules integrated,High,Medium,Srinivas/Pramod,Auth updateProfile + all core APIs,,Pramod,Murali,,Srinivas
TS-099,27-10-2025,Monday,Week-20,"Profile, Hardening & Release",Stabilization,Flutter + .NET + Power Apps,Profile + QA + Release,Production Readiness,.NET performance tuning and telemetry checks,".NET performance tuning and telemetry checks with completed implementation, peer review, and closure notes.",End-to-end APIs regression validated,6,8,Done,All modules integrated,High,Medium,Srinivas/Pramod,Auth updateProfile + all core APIs,,Pramod,Sreeker,,Srinivas
